FIPS,Age_over_65
01001,8283
01003,42531
01005,4710
01007,3584
01009,10326
01011,1640
01013,3900
01015,19738
01017,6470
01019,5811
01021,7052
01023,2922
01025,4679
1027,2698
01029,2899
01031,8550
01033,10644
01035,2746
01037,2430
01039,7726
01041,2609
01043,15116
01045,8081
01047,6809
01049,11883
01051,12053
01053,6566
01055,19257
01057,3438
01059,5304
01061,5275
01063,1773
01065,2777
01067,3785
01069,18052
01071,10113
01073,101785
01075,2983
01077,18228
01079,5998
01081,18696
01083,14328
01085,1856
01087,3614
01089,53151
01091,3729
01093,6288
01095,16093
01097,65339
01099,4100
01101,33107
01103,20412
01105,1772
01107,3739
01109,4946
01111,4622
01113,8029
01115,14317
01117,31716
01119,2234
01121,14052
01123,8505
01125,26673
01127,12191
01129,3047
01131,2026
01133,5075
02013,318
02016,347
02020,30873
02050,1301
02060,87
02068,209
02070,499
02090,9699
02100,633
02105,439
02110,4039
02122,9631
02130,2050
02150,1319
02158,454
02164,109
02170,11939
02180,702
02185,671
02188,575
02195,717
02198,1027
02220,1310
02230,130
02240,938
02261,1134
02275,569
02282,94
02290,770
04001,10694
04003,27278
04005,16983
04007,15199
04009,5202
04011,1178
04012,8025
04013,641814
04015,61383
04017,19062
04019,197361
04021,85974
04023,8037
04025,69858
04027,38700
05001,3405
05003,4036
05005,12779
05007,35271
05009,7591
05011,1994
05013,1102
05015,6307
05017,2120
05019,3634
05021,3141
05023,6719
05025,1664
05027,4065
05029,3939
05031,14510
05033,10276
05035,6619
05037,3084
05039,1617
05041,2187
05043,3127
05045,15058
05047,3397
05049,3122
05051,23000
05053,3228
05055,7076
05057,3905
05059,6288
05061,2346
05063,6453
05065,3390
05067,2986
05069,11625
05071,4285
05073,1582
05075,3199
05077,1729
05079,2030
05081,2547
05083,4284
05085,9549
05087,3061
05089,4631
05091,7136
05093,6088
05095,1609
05097,2403
05099,1693
05101,1991
05103,4675
05105,2062
05107,3375
05109,2169
05111,4256
05113,4509
05115,9732
05117,1915
05119,58959
05121,3525
05123,4173
05125,20913
05127,2150
05129,2001
05131,19894
05133,2372
05135,4435
05137,3335
05139,6804
05141,4268
05143,26461
05145,12691
05147,1481
05149,3745
06001,224026
06003,311
06005,10246
06007,40685
06009,12519
06011,3082
06013,175882
06015,4727
06017,38570
06019,117777
06021,4460
06023,23518
06025,22841
06027,4097
06029,94712
06031,15063
06033,14333
06035,4379
06037,1335978
06039,21431
06041,56170
06043,4790
06045,18532
06047,29956
06049,2401
06051,2049
06053,57240
06055,25968
06057,26254
06059,455105
06061,73772
06063,5050
06065,340575
06067,209596
06069,7529
06071,241961
06073,454089
06075,134981
06077,93081
06079,54847
06081,120877
06083,66563
06085,254174
06087,43155
06089,36272
06091,892
06093,10732
06095,67309
06097,94913
06099,69679
06101,14418
06103,12307
06105,3410
06107,51531
06109,13827
06111,127628
06113,26396
06115,9375
08001,51105
08003,2130
08005,82111
08007,3384
08009,926
08011,1033
08013,44094
08014,9026
08015,4899
08017,335
08019,1846
08021,1513
08023,1023
08025,770
08027,1717
08029,7727
08031,81488
08033,513
08035,38417
08037,5877
08039,3984
08041,87111
08043,10010
08045,7477
08047,1079
08049,2561
08051,2186
08053,210
08055,2083
08057,357
08059,91969
08061,368
08063,1365
08065,818
08067,9150
08069,52161
08071,3377
08073,971
08075,3838
08077,28079
08079,221
08081,1808
08083,5605
08085,9635
08087,4384
08089,3671
08091,1330
08093,3566
08095,741
08097,3192
08099,2092
08101,30198
08103,973
08105,2196
08107,3664
08109,1475
08111,146
08113,1088
08115,537
08117,3914
08119,5163
08121,977
08123,36217
08125,1825
09001,146621
09003,149889
09005,37457
09007,32072
09009,145741
09011,47421
09013,23140
09015,18712
10001,29417
10003,84268
10005,60489
11001,83670
12001,36313
12003,3873
12005,31048
12007,4867
12009,137161
12011,314061
12013,2755
12015,71735
12017,52661
12019,32543
12021,117197
12023,12791
12027,8002
12029,3773
12031,128443
12033,51909
12035,32922
12037,2681
12039,7957
12041,3637
12043,3638
12045,3221
12047,2431
12049,4285
12051,5345
12053,51205
12055,36409
12057,198181
12059,3850
12061,49685
12063,9234
12065,3249
12067,1188
12069,91815
12071,207169
12073,37380
12075,9734
12077,1280
12079,3716
12081,103677
12083,101238
12085,48674
12086,430906
12087,16789
12089,17884
12091,32045
12093,8135
12095,157152
12097,45618
12099,346044
12101,118202
12103,234815
12105,138341
12107,16634
12109,48237
12111,74360
12113,27609
12115,151209
12117,70111
12119,70918
12121,9036
12123,4304
12125,2290
12127,129563
12129,4715
12131,13310
12133,4268
13001,3107
13003,1117
13005,1721
13007,743
13009,6959
13011,3079
13013,9745
13015,14363
13017,2850
13019,3364
13021,23236
13023,2261
13025,3008
13027,2944
13029,3892
13031,8479
13033,3384
13035,3707
13037,958
13039,6762
13043,1890
13045,15650
13047,11485
13049,1940
13051,43050
13053,338
13055,4295
13057,33259
13059,13351
13061,762
13063,25570
13065,1039
13067,89040
13069,5873
13071,6937
13073,19884
13075,2729
13077,19347
13079,2219
13081,4137
13083,3068
13085,4913
13087,4267
13089,89507
13091,3642
13093,2642
13095,13718
13097,16318
13099,1957
13101,641
13103,6903
13105,3884
13107,3545
13109,1756
13111,7228
13113,19884
13115,16060
13117,26669
13119,4388
13121,118227
13123,7335
13125,494
13127,16612
13129,8247
13131,4406
13133,4935
13135,88110
13137,8245
13139,28912
13141,1904
13143,4608
13145,6163
13147,5628
13149,1953
13151,25576
13153,19060
13155,1741
13157,9779
13159,2441
13161,2274
13163,2806
13165,1567
13167,1756
13169,4967
13171,3127
13173,1434
13175,8175
13177,3691
13179,5382
13181,1826
13183,1692
13185,13703
13187,5459
13189,3710
13191,3639
13193,2201
13195,4865
13197,1742
13199,4191
13201,1252
13205,3579
13207,4908
13209,1502
13211,3611
13213,5720
13215,25445
13217,13687
13219,5714
13221,2818
13223,16679
13225,4210
13227,6708
13229,3228
13231,2837
13233,6453
13235,2229
13237,5101
13239,570
13241,4571
13243,1503
13245,27400
13247,12577
13249,837
13251,2554
13253,1900
13255,11529
13257,5081
13259,937
13261,5014
13263,1483
13265,406
13267,3520
13269,1581
13271,2811
13273,1639
13275,7852
13277,5859
13279,4357
13281,3996
13283,1408
13285,10118
13287,1547
13289,1802
13291,7568
13293,4719
13295,12639
13297,13860
13299,6014
13301,1143
13303,3617
13305,4657
13307,523
13309,1117
13311,6505
13313,14293
13315,1468
13317,2250
13319,1688
13321,3844
15001,40272
15003,170369
15005,11
15007,13859
15009,29095
16001,63734
16003,1209
16005,11817
16007,1235
16009,2028
16011,6295
16013,3977
16015,1835
16017,10361
16019,14935
16021,2519
16023,536
16025,197
16027,29229
16029,1158
16031,3260
16033,135
16035,2313
16037,1368
16039,3480
16041,1859
16043,2214
16045,3678
16047,2528
16049,4407
16051,3127
16053,2990
16055,29082
16057,5149
16059,2297
16061,947
16063,695
16065,2590
16067,3275
16069,7880
16071,841
16073,2074
16075,4160
16077,1203
16079,2816
16081,1244
16083,12788
16085,2949
16087,2475
17001,13186
17003,1332
17005,3031
17007,8334
17009,960
17011,7163
17013,1124
17015,3598
17017,2156
17019,25959
17021,6374
17023,3041
17025,2661
17027,6261
17029,8495
17031,741170
17033,3558
17035,2094
17037,12682
17039,2990
17041,3445
17043,139388
17045,3777
17047,1350
17049,5851
17051,4058
17053,2498
17055,7819
17057,7045
17059,1191
17061,2502
17063,6881
17065,1759
17067,4102
17069,976
17071,1688
17073,10006
17075,5895
17077,8597
17079,1827
17081,7074
17083,4185
17085,5873
17087,2615
17089,69950
17091,18008
17093,12753
17095,10528
17097,96339
17099,20269
17101,3005
17103,6511
17105,6818
17107,5224
17109,5234
17111,43124
17113,21949
17115,20493
17117,8895
17119,44479
17121,7288
17123,2661
17125,3005
17127,2962
17129,2388
17131,3284
17133,5891
17135,5655
17137,6703
17139,2766
17141,9276
17143,30069
17145,3924
17147,3134
17149,3225
17151,1150
17153,1201
17155,1298
17157,5971
17159,3166
17161,27050
17163,39961
17165,4785
17167,33946
17169,1528
17171,996
17173,4801
17175,1192
17177,9959
17179,24376
17181,3470
17183,14530
17185,2336
17187,3186
17189,2796
17191,3493
17193,2993
17195,11371
17197,86914
17199,12505
17201,48452
17203,6727
18001,5352
18003,52951
18005,13234
18007,1520
18009,2524
18011,8462
18013,3661
18015,3844
18017,6594
18019,17949
18021,4676
18023,5214
18025,2025
18027,5029
18029,8421
18031,4384
18033,6778
18035,19384
18037,7171
18039,29243
18041,4552
18043,12125
18045,3205
18047,3993
18049,3799
18051,5787
18053,12406
18055,6201
18057,38362
18059,11971
18061,6878
18063,21828
18065,8991
18067,15690
18069,6128
18071,6978
18073,5783
18075,3615
18077,5590
18079,4412
18081,22150
18083,6494
18085,12827
18087,5259
18089,78104
18091,19099
18093,9006
18095,23226
18097,116806
18099,8028
18101,1951
18103,6198
18105,18463
18107,6810
18109,11371
18111,2647
18113,7233
18115,1232
18117,3697
18119,3950
18121,3239
18123,3468
18125,2437
18127,26892
18129,4654
18131,2374
18133,6123
18135,4907
18137,4925
18139,2974
18141,41609
18143,3947
18145,7400
18147,3940
18149,4089
18151,6746
18153,3577
18155,1894
18157,21322
18159,3075
18161,1339
18163,29766
18165,3022
18167,17153
18169,6401
18171,1658
18173,10594
18175,4657
18177,12467
18179,5024
18181,4711
18183,5943
19001,1566
19003,836
19005,3076
19007,2827
19009,1354
19011,4631
19013,21138
19015,4665
19017,4866
19019,3769
19021,3027
19023,3268
19025,2222
19027,4000
19029,2954
19031,3553
19033,9043
19035,2666
19037,2420
19039,1671
19041,3329
19043,4045
19045,9057
19047,2900
19049,10357
19051,1555
19053,1567
19055,3276
19057,7981
19059,4374
19061,16778
19063,1937
19065,4159
19067,3428
19069,2109
19071,1547
19073,1996
19075,2519
19077,2358
19079,3024
19081,2358
19083,3634
19085,2736
19087,3676
19089,1866
19091,1987
19093,1511
19095,2984
19097,3957
19099,6989
19101,3915
19103,16810
19105,4144
19107,2194
19109,3456
19111,6805
19113,34771
19115,2049
19117,1836
19119,2103
19121,2735
19123,4005
19125,5805
19127,7069
19129,2711
19131,2306
19133,2125
19135,1533
19137,2100
19139,6908
19141,2836
19143,1269
19145,3305
19147,1938
19149,4531
19151,1544
19153,61222
19155,15838
19157,3715
19159,1192
19161,2270
19163,27192
19165,2632
19167,5301
19169,11437
19171,3324
19173,1355
19175,2475
19177,1582
19179,6100
19181,7781
19183,4141
19185,1395
19187,6587
19189,2197
19191,4057
19193,15071
19195,1503
19197,2806
20001,2541
20003,1657
20005,2752
20007,998
20009,4986
20011,2840
20013,1877
20015,9898
20017,637
20019,866
20021,3839
20023,705
20025,478
20027,1868
20029,1876
20031,1717
20033,454
20035,6399
20037,5920
20039,785
20041,3663
20043,1449
20045,14205
20047,606
20049,730
20051,4315
20053,1284
20055,3905
20057,3618
20059,4205
20061,2767
20063,702
20065,668
20067,962
20069,895
20071,243
20073,1503
20075,351
20077,1245
20079,6615
20081,570
20083,413
20085,2498
20087,3487
20089,855
20091,83169
20093,572
20095,1600
20097,534
20099,3717
20101,288
20103,11394
20105,721
20107,2137
20109,566
20111,4910
20113,5573
20115,2764
20117,2081
20119,724
20121,5694
20123,1452
20125,6258
20127,1355
20129,578
20131,1992
20133,3095
20135,727
20137,1117
20139,3105
20141,862
20143,1157
20145,1344
20147,1219
20149,3363
20151,1785
20153,672
20155,12120
20157,1277
20159,1800
20161,6690
20163,1118
20165,751
20167,1637
20169,9412
20171,891
20173,72054
20175,2099
20177,31300
20179,589
20181,1114
20183,991
20185,881
20187,351
20189,816
20191,4230
20193,1276
20195,718
20197,1345
20199,349
20201,1309
20203,400
20205,1826
20207,771
20209,19840
21001,3571
21003,3628
21005,3459
21007,1666
21009,7525
21011,1997
21013,4979
21015,16864
21017,3800
21019,9014
21021,5561
21023,1341
21025,2137
21027,3888
21029,12282
21031,2306
21033,2653
21035,6536
21037,14117
21039,987
21041,1610
21043,4966
21045,3162
21047,8611
21049,6308
21051,3005
21053,1945
21055,1821
21057,1440
21059,16779
21061,2447
21063,1425
21065,2646
21067,41539
21069,2537
21071,6378
21073,8605
21075,1230
21077,1193
21079,3121
21081,3404
21083,6789
21085,4523
21087,2211
21089,7213
21091,1471
21093,14852
21095,4778
21097,3266
21099,3064
21101,7889
21103,2705
21105,1097
21107,8157
21109,2274
21111,120799
21113,7787
21115,4007
21117,23111
21119,2693
21121,5367
21123,2431
21125,9691
21127,2676
21129,1196
21131,1792
21133,4128
21135,2398
21137,4366
21139,1942
21141,4895
21143,2209
21145,12651
21147,2672
21149,1785
21151,12131
21153,2093
21155,3174
21157,6762
21159,1827
21161,2989
21163,3937
21165,1302
21167,3985
21169,1884
21171,1956
21173,4396
21175,2186
21177,5763
21179,6975
21181,1206
21183,4246
21185,8384
21187,1931
21189,844
21191,2262
21193,4349
21195,10761
21197,1906
21199,12005
21201,456
21203,2994
21205,3339
21207,3511
21209,6480
21211,7242
21213,2986
21215,2517
21217,4452
21219,1921
21221,3208
21223,1465
21225,2370
21227,16283
21229,2151
21231,4124
21233,2269
21235,5702
21237,1376
21239,4670
22001,9280
22003,3775
22005,14010
22007,3902
22009,6797
22011,5700
22013,2754
22015,17476
22017,40601
22019,29382
22021,1812
22023,1108
22025,1639
22027,3014
22029,3340
22031,4699
22033,60902
22035,996
22037,3303
22039,5069
22041,3573
22043,3282
22045,10400
22047,4973
22049,3188
22051,72333
22053,5065
22055,30732
22057,14757
22059,2494
22061,6329
22063,17941
22065,1567
22067,4666
22069,6224
22071,55281
22073,22486
22075,3042
22077,4444
22079,20804
22081,1605
22083,3494
22085,4825
22087,5113
22089,6880
22091,1941
22093,3558
22095,5936
22097,13107
22099,7911
22101,8193
22103,41823
22105,18491
22107,1084
22109,15527
22111,4524
22113,9008
22115,5823
22117,8135
22119,7567
22121,3479
22123,2068
22125,2170
22127,2616
23001,18603
23003,15881
23005,52133
23007,6437
23009,13129
23011,23645
23013,9647
23015,9263
23017,12229
23019,27349
23021,4359
23023,7728
23025,10445
23027,8613
23029,7482
23031,40625
24001,14169
24003,82281
24005,139256
24009,13252
24011,5299
24013,27434
24015,15639
24017,19412
24019,6737
24021,35468
24023,6436
24025,39848
24027,42755
24029,5120
24031,156825
24033,116822
24035,9119
24037,14091
24039,4174
24041,10595
24043,25239
24045,15847
24047,14139
24510,82721
25001,63581
25003,28620
25005,93298
25007,4033
25009,130887
25011,14920
25013,77013
25015,26753
25017,239915
25019,1631
25021,115968
25023,90730
25025,93712
25027,126028
26001,3711
26003,2257
26005,18642
26007,6488
26009,6189
26011,3662
26013,1827
26015,10917
26017,20411
26019,4545
26021,29744
26023,7900
26025,23230
26027,10455
26029,6204
26031,6802
26033,6651
26035,7121
26037,12897
26039,3461
26041,8417
26043,5591
26045,19600
26047,7192
26049,69337
26051,6655
26053,3852
26055,17690
26057,7037
26059,8719
26061,6123
26063,7749
26065,38111
26067,9323
26069,7323
26071,3344
26073,8606
26075,27279
26077,38355
26079,3476
26081,85904
26083,741
26085,3288
26087,15489
26089,6502
26091,18050
26093,31372
26095,1354
26097,2948
26099,144390
26101,6110
26103,12289
26105,6681
26107,7822
26109,5456
26111,14991
26113,3057
26115,26204
26117,10823
26119,2907
26121,28541
26123,9112
26125,205052
26127,5382
26129,5275
26131,2083
26133,4803
26135,2227
26137,5076
26139,41893
26141,3892
26143,7617
26145,35801
26147,29036
26149,10567
26151,8678
26153,2132
26155,12149
26157,10506
26159,13258
26161,49308
26163,264487
26165,6197
27001,5144
27003,47405
27005,6876
27007,7216
27009,5527
27011,1281
27013,8931
27015,5243
27017,6057
27019,11628
27021,7406
27023,2496
27025,8265
27027,8194
27029,1788
27031,1466
27033,2568
27035,14133
27037,57425
27039,2981
27041,8420
27043,3134
27045,4299
27047,6699
27049,8780
27051,1382
27053,170418
27055,3871
27057,5223
27059,6122
27061,10216
27063,2152
27065,3251
27067,7854
27069,1032
27071,3054
27073,1791
27075,2718
27077,886
27079,4829
27081,1398
27083,3986
27085,6545
27087,964
27089,1972
27091,4555
27093,4486
27095,4671
27097,6267
27099,7306
27101,2103
27103,5317
27105,3488
27107,1396
27109,23348
27111,13579
27113,2545
27115,5874
27117,1903
27119,5674
27121,2619
27123,76738
27125,802
27127,3218
27129,3002
27131,10026
27133,1866
27135,2562
27137,37627
27139,15137
27141,10261
27143,2692
27145,23088
27147,6252
27149,1649
27151,2044
27153,5121
27155,822
27157,4562
27159,2863
27161,3259
27163,36910
27165,2189
27167,1181
27169,8331
27171,16361
27173,1978
28001,5716
28003,6755
28005,2826
28007,3510
28009,1430
28011,4780
28013,2663
28015,2301
28017,2894
28019,1771
28021,1452
28023,3147
28025,3507
28027,3400
28029,4794
28031,3221
28033,22631
28035,9996
28037,1489
28039,3517
28041,1828
28043,3674
28045,9264
28047,29585
28049,32557
28051,2576
28053,1370
28055,220
28057,4060
28059,22188
28061,3246
28063,1110
28065,2477
28067,11223
28069,1925
28071,6505
28073,8142
28075,12661
28077,2213
28079,3614
28081,12372
28083,4035
28085,5736
28087,9156
28089,13407
28091,4500
28093,6043
28095,6771
28097,2088
28099,4601
28101,3443
28103,1706
28105,5462
28107,5249
28109,10164
28111,2068
28113,6571
28115,4641
28117,4447
28119,1194
28121,22500
28123,4217
28125,801
28127,4614
28129,3033
28131,2933
28133,3384
28135,2064
28137,4580
28139,3449
28141,3990
28143,1174
28145,4679
28147,2766
28149,7470
28151,7097
28153,3415
28155,1751
28157,1497
28159,3638
28161,2439
28163,3639
29001,3656
29003,3279
29005,1327
29007,4442
29009,7183
29011,2372
29013,3139
29015,5793
29017,2396
29019,21080
29021,14014
29023,7902
29025,1749
29027,7112
29029,12582
29031,12713
29033,1876
29035,1207
29037,17102
29039,3276
29041,1777
29043,13040
29045,1397
29047,33537
29049,3583
29051,12306
29053,3037
29055,4633
29057,1759
29059,3407
29061,1696
29063,2083
29065,3339
29067,3181
29069,5357
29071,17415
29073,3285
29075,1297
29077,46663
29079,2172
29081,1896
29083,4646
29085,3152
29087,1105
29089,1857
29091,7851
29093,2230
29095,101918
29097,18208
29099,32490
29101,6581
29103,847
29105,6221
29107,6011
29109,6818
29111,1830
29113,7499
29115,2487
29117,3005
29119,3480
29121,3343
29123,2286
29125,1875
29127,4973
29129,770
29131,4743
29133,2388
29135,2501
29137,1967
29139,2348
29141,4736
29143,3255
29145,10322
29147,3316
29149,2465
29151,2339
29153,2521
29155,2757
29157,3486
29159,6943
29161,7039
29163,3141
29165,14383
29167,5667
29169,4375
29171,1145
29173,2141
29175,4085
29177,4108
29179,1425
29181,2792
29183,58034
29185,2546
29186,3385
29187,10796
29189,176150
29195,4144
29197,877
29199,898
29201,6885
29203,1726
29205,1236
29207,5776
29209,9591
29211,1252
29213,11729
29215,5249
29217,3859
29219,6070
29221,4035
29223,3049
29225,5994
29227,500
29229,3537
29510,40476
30001,2010
30003,1625
30005,1013
30007,1392
30009,2648
30011,301
30013,14950
30015,1146
30017,2243
30019,423
30021,1674
30023,2075
30025,521
30027,2605
30029,18683
30031,13215
30033,239
30035,1621
30037,185
30039,965
30041,2391
30043,2448
30045,443
30047,6423
30049,12193
30051,590
30053,5418
30055,449
30057,2402
30059,453
30061,1193
30063,17653
30065,1235
30067,3566
30069,101
30071,911
30073,1198
30075,440
30077,1371
30079,350
30081,10674
30083,1648
30085,1240
30087,1354
30089,3506
30091,807
30093,6519
30095,2079
30097,1110
30099,1380
30101,825
30103,192
30105,1658
30107,432
30109,250
30111,26275
31001,5596
31003,1455
31005,107
31007,155
31009,132
31011,1173
31013,1884
31015,584
31017,814
31019,6863
31021,1540
31023,1642
31025,4396
31027,1806
31029,829
31031,1195
31033,1779
31035,1236
31037,1348
31039,1944
31041,2368
31043,2706
31045,1610
31047,3696
31049,430
31051,1142
31053,6977
31055,70894
31057,412
31059,1280
31061,809
31063,668
31065,1162
31067,4429
31069,516
31071,571
31073,526
31075,152
31077,602
31079,8938
31081,1798
31083,845
31085,166
31087,712
31089,2193
31091,226
31093,1354
31095,1686
31097,939
31099,1239
31101,2155
31103,183
31105,893
31107,2061
31109,42177
31111,6661
31113,186
31115,148
31117,118
31119,5452
31121,1617
31123,962
31125,723
31127,1377
31129,1131
31131,3054
31133,738
31135,667
31137,1821
31139,1350
31141,5734
31143,1139
31145,2155
31147,1919
31149,355
31151,2058
31153,20619
31155,3871
31157,6749
31159,2912
31161,1323
31163,811
31165,270
31167,1045
31169,1283
31171,137
31173,857
31175,1067
31177,3631
31179,1447
31181,792
31183,187
31185,2710
32001,4530
32003,315486
32005,13191
32007,5743
32009,276
32011,335
32013,2259
32015,798
32017,1134
32019,11372
32021,1359
32023,13173
32027,1036
32029,1142
32031,72890
32033,1600
32510,10857
33001,13037
33003,12981
33005,14719
33007,7320
33009,17964
33011,62902
33013,26316
33015,52770
33017,18838
33019,8948
34001,46657
34003,158415
34005,74168
34007,77791
34009,24059
34011,22676
34013,106918
34015,44794
34017,78647
34019,22295
34021,54941
34023,121213
34025,106602
34027,82479
34029,133880
34031,71897
34033,11537
34035,50390
34037,23663
34039,78625
34041,18638
35001,106928
35003,1306
35005,10100
35006,4197
35007,3286
35009,6091
35011,401
35013,33040
35015,8254
35017,7347
35019,949
35021,172
35023,910
35025,7770
35027,5475
35028,3260
35029,4939
35031,8610
35033,1379
35035,11248
35037,2021
35039,7306
35041,2622
35043,24400
35045,18029
35047,5712
35049,34538
35051,3921
35053,3178
35055,8280
35057,3120
35059,816
35061,13082
36001,50691
36003,8596
36005,179661
36007,36107
36009,14427
36011,14212
36013,25157
36015,15614
36017,9677
36019,13218
36021,13936
36023,7668
36025,10788
36027,50176
36029,161744
36031,8525
36033,8365
36035,10211
36037,10593
36039,10262
36041,1366
36043,12483
36045,14923
36047,352294
36049,4755
36051,10929
36053,12550
36055,125344
36057,9020
36059,236983
36061,264356
36063,39217
36065,42275
36067,76833
36069,21207
36071,51951
36073,7098
36075,18668
36077,12333
36079,16504
36081,350514
36083,26307
36085,75442
36087,50411
36089,18398
36091,40191
36093,26055
36095,6553
36097,3727
36099,6413
36101,18251
36103,244871
36105,13928
36107,9604
36109,14295
36111,34254
36113,13887
36115,11620
36117,16631
36119,162211
36121,6996
36123,5030
37001,27165
37003,7248
37005,2917
37007,4461
37009,6634
37011,3803
37013,11013
37015,4244
37017,7028
37019,40223
37021,49925
37023,17703
37025,26889
37027,15832
37029,1847
37031,16743
37033,4695
37035,27535
37037,17129
37039,8097
37041,3415
37043,3298
37045,17692
37047,10936
37049,19177
37051,38522
37053,4177
37055,7499
37057,29483
37059,8555
37061,10580
37063,39266
37065,9985
37067,58469
37069,10908
37071,34717
37073,2283
37075,1971
37077,9858
37079,3316
37081,78210
37083,10301
37085,16089
37087,14865
37089,29232
37091,4653
37093,5193
37095,1012
37097,27300
37099,8270
37101,25598
37103,2191
37105,9745
37107,11084
37109,14101
37111,8991
37113,9869
37115,4683
37117,5097
37119,117292
37121,3658
37123,5376
37125,23178
37127,16727
37129,39260
37131,5000
37133,17455
37135,19403
37137,3700
37139,6518
37141,10712
37143,3637
37145,7457
37147,22859
37149,6203
37151,24842
37153,7847
37155,19512
37157,18113
37159,24122
37161,14083
37163,11045
37165,6109
37167,11535
37169,9299
37171,14476
37173,2704
37175,10112
37177,819
37179,28502
37181,7950
37183,120379
37185,4888
37187,2814
37189,8507
37191,19768
37193,14368
37195,14229
37197,7343
37199,4490
38001,563
38003,2342
38005,914
38007,197
38009,1490
38011,647
38013,369
38015,14807
38017,20551
38019,1030
38021,1008
38023,620
38025,732
38027,573
38029,975
38031,734
38033,382
38035,8630
38037,684
38039,715
38041,619
38043,525
38045,1057
38047,524
38049,1186
38051,811
38053,1157
38055,2194
38057,1550
38059,4935
38061,1167
38063,790
38065,432
38067,1563
38069,982
38071,2222
38073,1137
38075,425
38077,2805
38079,1638
38081,858
38083,418
38085,343
38087,197
38089,4039
38091,406
38093,3962
38095,502
38097,1550
38099,2248
38101,8416
38103,1057
38105,3205
39001,4856
39003,17747
39005,9819
39007,18132
39009,8281
39011,8186
39013,13830
39015,7900
39017,54607
39019,5686
39021,7031
39023,25635
39025,32161
39027,6951
39029,20467
39031,6948
39033,8536
39035,221367
39037,9861
39039,6945
39041,26487
39043,15930
39045,23759
39047,4959
39049,151411
39051,7297
39053,5566
39055,18581
39057,27917
39059,7453
39061,122451
39063,12623
39065,4898
39067,3186
39069,4900
39071,7723
39073,5261
39075,5859
39077,9746
39079,5444
39081,13950
39083,10906
39085,44784
39087,11076
39089,27997
39091,7953
39093,54669
39095,68235
39097,6714
39099,46942
39101,11266
39103,30807
39105,4449
39107,7074
39109,19352
39111,3243
39113,93724
39115,3037
39117,5809
39119,15037
39121,3845
39123,9926
39125,3414
39127,5846
39129,8951
39131,4915
39133,25831
39135,7693
39137,5722
39139,23231
39141,12389
39143,10897
39145,13526
39147,9675
39149,7799
39151,70739
39153,94602
39155,42123
39157,17754
39159,6799
39161,5230
39163,2226
39165,32035
39167,12376
39169,20111
39171,6799
39173,19289
39175,4130
40001,3388
40003,1121
40005,2588
40007,1006
40009,3010
40011,1730
40013,8204
40015,4768
40017,18125
40019,7929
40021,7938
40023,3005
40025,529
40027,36272
40029,1149
40031,14910
40033,1138
40035,2819
40037,12430
40039,3913
40041,10348
40043,916
40045,904
40047,9861
40049,4931
40051,8746
40053,928
40055,1025
40057,508
40059,704
40061,2515
40063,2515
40065,3717
40067,1235
40069,2115
40071,8370
40073,2445
40075,1729
40077,2187
40079,8772
40081,6255
40083,7032
40085,1946
40087,5969
40089,5842
40091,4965
40093,1517
40095,3673
40097,7464
40099,2674
40101,11297
40103,2135
40105,1978
40107,2115
40109,105127
40111,7051
40113,9104
40115,5662
40117,3093
40119,10062
40121,8607
40123,6272
40125,11548
40127,2513
40129,740
40131,14557
40133,4393
40135,7535
40137,8366
40139,2280
40141,1454
40143,90495
40145,12652
40147,9989
40149,1974
40151,1507
40153,3108
41001,4151
41003,14145
41005,72125
41007,8387
41009,9394
41011,16223
41013,5713
41015,7623
41017,36450
41019,27550
41021,475
41023,2099
41025,1736
41027,3609
41029,46655
41031,4546
41033,22145
41035,13849
41037,1929
41039,70183
41041,13534
41043,22895
41045,5001
41047,52093
41049,1764
41051,104899
41053,14569
41055,428
41057,6560
41059,11820
41061,5283
41063,1978
41065,5273
41067,76361
41069,506
41071,17604
42001,20304
42003,226124
42005,14236
42007,34713
42009,10751
42011,70728
42013,24996
42015,12671
42017,113718
42019,34025
42021,29240
42023,1235
42025,13196
42027,22306
42029,82614
42031,7413
42033,16097
42035,7121
42037,12443
42039,17140
42041,45230
42043,45549
42045,90402
42047,6517
42049,47517
42051,27082
42053,1603
42055,29673
42057,3040
42059,6823
42061,9299
42063,15959
42065,9013
42067,4896
42069,41322
42071,94915
42073,18660
42075,26742
42077,60102
42079,62285
42081,21753
42083,7883
42085,23624
42087,9787
42089,28274
42091,143138
42093,3768
42095,56396
42097,19142
42099,8293
42101,212274
42103,12152
42105,3953
42107,28561
42109,7419
42111,16178
42113,1696
42115,9383
42117,8786
42119,7996
42121,11213
42123,8882
42125,41708
42127,12078
42129,78061
42131,5598
42133,76024
44001,9455
44003,30180
44005,17943
44007,95189
44009,25122
45001,5202
45003,31540
45005,1777
45007,35149
45009,3026
45011,3786
45013,49217
45015,28877
45017,3230
45019,63833
45021,9262
45023,5874
45025,8245
45027,7735
45029,7432
45031,12328
45033,4886
45035,21364
45037,4950
45039,4624
45041,22637
45043,16714
45045,77989
45047,12759
45049,3512
45051,76932
45053,5212
45055,11704
45057,18855
45059,11993
45061,3140
45063,44761
45065,3183
45067,5945
45069,4652
45071,7345
45073,17658
45075,16643
45077,19998
45079,50741
45081,3899
45083,48999
45085,16948
45087,5394
45089,6267
45091,37341
46003,523
46005,3124
46007,398
46009,1423
46011,4051
46013,6646
46015,930
46017,146
46019,2035
46021,372
46023,1705
46025,779
46027,1654
46029,4748
46031,453
46033,2527
46035,3578
46037,1405
46039,919
46041,560
46043,688
46045,756
46047,1862
46049,617
46051,1467
46053,1024
46055,423
46057,950
46059,791
46061,507
46063,229
46065,2960
46067,1689
46069,345
46071,470
46073,598
46075,183
46077,1122
46079,2673
46081,5370
46083,6927
46085,599
46087,1040
46089,677
46091,1015
46093,4184
46095,310
46097,438
46099,24024
46101,1236
46102,975
46103,19205
46105,695
46107,644
46109,1996
46111,473
46115,1326
46117,652
46119,320
46121,757
46123,1214
46125,1706
46127,2674
46129,1307
46135,4178
46137,262
47001,14987
47003,7259
47005,3849
47007,2656
47009,25971
47011,17786
47013,8130
47015,2602
47017,5555
47019,11952
47021,5865
47023,2906
47025,6152
47027,1817
47029,7413
47031,9478
47033,2682
47035,17899
47037,82207
47039,2739
47041,3594
47043,8178
47045,6431
47047,8331
47049,3832
47051,8115
47053,8710
47055,5810
47057,4655
47059,14567
47061,2740
47063,11467
47065,62141
47067,1352
47069,4552
47071,5771
47073,11635
47075,3152
47077,5019
47079,7349
47081,4175
47083,1708
47085,3556
47087,2565
47089,10538
47091,3972
47093,71194
47095,1144
47097,3971
47099,7652
47101,2471
47103,6402
47105,13522
47107,10276
47109,5330
47111,3732
47113,16005
47115,5579
47117,5183
47119,14285
47121,2630
47123,9520
47125,18263
47127,1307
47129,3757
47131,6024
47133,4433
47135,1632
47137,1365
47139,3449
47141,12831
47143,5883
47145,11793
47147,10189
47149,32205
47151,3633
47153,2961
47155,18688
47157,122695
47159,3230
47161,2632
47163,33753
47165,28541
47167,8651
47169,1425
47171,4128
47173,3536
47175,1296
47177,6991
47179,22820
47181,3120
47183,6037
47185,5374
47187,28691
47189,21075
48001,8278
48003,1810
48005,13847
48007,6711
48009,1702
48011,425
48013,7099
48015,5577
48017,985
48019,5873
48021,12303
48023,867
48025,3905
48027,36793
48029,231377
48031,2874
48033,167
48035,4504
48037,15268
48039,41745
48041,19786
48043,2072
48045,372
48047,1041
48049,7388
48051,3689
48053,10203
48055,5771
48057,3769
48059,2848
48061,55465
48063,2378
48065,1098
48067,6586
48069,1164
48071,4494
48073,8886
48075,1004
48077,2373
48079,455
48081,941
48083,2059
48085,104035
48087,504
48089,4594
48091,25397
48093,3247
48095,652
48097,7269
48099,7404
48101,341
48103,654
48105,521
48107,1060
48109,327
48111,784
48113,272730
48115,1878
48117,2336
48119,1056
48121,82137
48123,3943
48125,524
48127,1763
48129,776
48131,1978
48133,4091
48135,15237
48137,586
48139,21930
48141,99552
48143,5875
48145,3095
48147,6398
48149,6187
48151,880
48153,1081
48155,345
48157,81346
48159,2324
48161,3866
48163,2468
48165,1820
48167,46434
48169,834
48171,7758
48173,149
48175,1664
48177,3393
48179,3546
48181,22943
48183,18617
48185,4741
48187,21670
48189,4482
48191,681
48193,2042
48195,851
48197,845
48199,9352
48201,472148
48203,10965
48205,852
48207,1262
48209,22818
48211,527
48213,17818
48215,92728
48217,7332
48219,3288
48221,14397
48223,6666
48225,4893
48227,4680
48229,675
48231,14886
48233,3470
48235,273
48237,1510
48239,2577
48241,6875
48243,763
48245,36138
48247,744
48249,6113
48251,23146
48253,3036
48255,2180
48257,14585
48259,8269
48261,144
48263,182
48265,14024
48267,1267
48269,25
48271,904
48273,4030
48275,679
48277,9383
48279,2169
48281,3914
48283,1263
48285,4662
48287,3214
48289,4175
48291,10873
48293,4389
48295,581
48297,2462
48299,7656
48301,25
48303,37113
48305,987
48307,1759
48309,35502
48311,142
48313,2155
48315,2592
48317,683
48319,1021
48321,6008
48323,6704
48325,8271
48327,666
48329,17255
48331,5038
48333,1504
48335,1316
48337,4360
48339,73352
48341,2283
48343,2657
48345,393
48347,9286
48349,8229
48351,2800
48353,2630
48355,50883
48357,1064
48359,309
48361,13110
48363,5548
48365,4356
48367,20511
48369,1312
48371,2012
48373,9040
48375,14583
48377,1683
48379,2893
48381,19659
48383,308
48385,975
48387,2975
48389,1961
48391,1546
48393,206
48395,3229
48397,11754
48399,2121
48401,8830
48403,3192
48405,2184
48407,6227
48409,9790
48411,1382
48413,560
48415,2578
48417,632
48419,4405
48421,408
48423,36844
48425,1624
48427,7196
48429,1825
48431,156
48433,300
48435,691
48437,1365
48439,225738
48441,19482
48443,293
48445,1889
48447,402
48449,4561
48451,17837
48453,116483
48455,3833
48457,4643
48459,7350
48461,611
48463,4494
48465,6928
48467,11048
48469,14567
48471,9187
48473,6013
48475,1606
48477,7376
48479,25141
48481,6919
48483,1024
48485,19043
48487,2368
48489,2954
48491,64740
48493,7557
48495,906
48497,9851
48499,11858
48501,991
48503,3681
48505,1975
48507,1665
49001,923
49003,6843
49005,11339
49007,3409
49009,77
49011,33756
49013,2294
49015,1661
49017,1088
49019,1704
49021,6425
49023,1321
49025,1686
49027,2148
49029,1330
49031,459
49033,505
49035,119685
49037,2100
49039,4079
49041,3402
49043,4854
49045,5976
49047,3672
49049,45796
49051,3505
49053,34636
49055,552
49057,28724
50001,7075
50003,8048
50005,6052
50007,23807
50009,1567
50011,7643
50013,1401
50015,4236
50017,5926
50019,5947
50021,12547
50023,11080
50025,9378
50027,12557
51001,7424
51003,19340
51005,3607
51007,2483
51009,6532
51011,3183
51013,24465
51015,15368
51017,965
51019,16343
51021,1438
51023,7302
51025,3452
51027,4669
51029,3284
51031,10809
51033,4859
51035,7091
51036,1678
51037,2634
51041,49544
51043,2990
51045,1088
51047,7862
51049,2151
51051,3160
51053,4884
51057,2443
51059,149923
51061,11284
51063,3537
51065,5162
51067,12797
51069,14514
51071,3570
51073,6921
51075,4942
51077,3780
51079,3232
51081,1710
51083,8097
51085,18112
51087,49085
51089,12104
51091,857
51093,6814
51095,18396
51097,1628
51099,3355
51101,2617
51103,3879
51105,4974
51107,35615
51109,7054
51111,2637
51113,2849
51115,2741
51117,7722
51119,3317
51121,11973
51125,3853
51127,3584
51131,3093
51133,4473
51135,2925
51137,7107
51139,4966
51141,4642
51143,13372
51145,5104
51147,3683
51149,5123
51153,44009
51155,7691
51157,1907
51159,1881
51161,19843
51163,5754
51165,15113
51167,5610
51169,5155
51171,9158
51173,6568
51175,3473
51177,18263
51179,14857
51181,1413
51183,1969
51185,8938
51187,6170
51191,12004
51193,4405
51195,6806
51197,5974
51199,10664
51510,17766
51520,3456
51530,1196
51540,5326
51550,31085
51570,3550
51580,1131
51590,8342
51595,916
51600,3498
51610,1816
51620,1571
51630,3084
51640,1458
51650,20215
51660,4778
51670,3484
51678,1128
51680,11368
51683,4003
51685,1437
51690,2397
51700,22744
51710,26570
51720,651
51730,5241
51735,2374
51740,13774
51750,1532
51760,29085
51770,15988
51775,4803
51790,5126
51800,12764
51810,61804
51820,3904
51830,2342
51840,4443
53001,2138
53003,5122
53005,28654
53007,14177
53009,21715
53011,71163
53013,1128
53015,20082
53017,7229
53019,1928
53021,8290
53023,551
53025,12882
53027,15299
53029,19848
53031,11038
53033,284332
53035,46144
53037,7220
53039,5126
53041,16186
53043,2701
53045,14383
53047,8837
53049,6565
53051,3432
53053,118606
53055,5527
53057,25451
53059,2339
53061,104645
53063,79841
53065,10058
53067,46930
53069,1410
53071,10636
53073,37321
53075,5001
53077,33738
54001,3226
54003,16666
54005,4275
54007,3184
54009,5124
54011,17200
54013,1716
54015,1748
54017,1762
54019,8902
54021,1332
54023,2778
54025,7951
54027,5073
54029,6632
54031,3019
54033,12875
54035,5764
54037,8781
54039,36609
54041,3269
54043,3890
54045,6430
54047,3875
54049,10770
54051,6707
54053,5469
54055,12774
54057,5780
54059,4408
54061,12827
54063,3317
54065,4033
54067,5460
54069,8923
54071,1852
54073,1393
54075,2099
54077,6559
54079,10125
54081,15077
54083,6113
54085,2253
54087,2983
54089,3115
54091,3333
54093,1764
54095,1919
54097,4843
54099,8211
54101,1907
54103,3515
54105,1137
54107,16944
54109,4423
55001,5773
55003,2956
55005,9684
55007,4028
55009,37538
55011,2840
55013,4286
55015,7158
55017,11174
55019,5666
55021,9968
55023,3674
55025,70979
55027,15105
55029,7961
55031,7793
55033,6825
55035,15665
55037,1105
55039,18365
55041,2054
55043,8731
55045,6680
55047,4050
55049,4254
55051,1713
55053,3792
55055,13910
55057,5330
55059,22983
55061,4038
55063,18678
55065,3039
55067,4470
55069,5818
55071,15721
55073,23169
55075,9370
55077,3693
55078,591
55079,125940
55081,7537
55083,7573
55085,9051
55087,26549
55089,17044
55091,1593
55093,5984
55095,8717
55097,11351
55099,3365
55101,31584
55103,3844
55105,26139
55107,3348
55109,12029
55111,11474
55113,4141
55115,8474
55117,20118
55119,3828
55121,5235
55123,5829
55125,6644
55127,17631
55129,4038
55131,23547
55133,72414
55135,10451
55137,5755
55139,27014
55141,14703
56001,4325
56003,2501
56005,4360
56007,2489
56009,2304
56011,1430
56013,7110
56015,2878
56017,1104
56019,1943
56021,15274
56023,3211
56025,11580
56027,552
56029,6459
56031,2049
56033,6167
56035,1758
56037,4972
56039,3268
56041,2665
56043,1693
56045,1370
72001,3334
72003,6899
72005,11034
72007,4872
72009,4571
72011,5351
72013,17960
72015,3337
72017,4555
72019,4297
72021,37504
72023,10910
72025,25211
72027,6067
72029,7496
72031,33295
72033,4612
72035,8711
72037,2627
72039,3195
72041,6655
72043,6697
72045,3366
72047,5850
72049,306
72051,6214
72053,6674
72054,2056
72055,3768
72057,7134
72059,3702
72061,18565
72063,7214
72065,7786
72067,4302
72069,11094
72071,8066
72073,2338
72075,7878
72077,6036
72079,5368
72081,5136
72083,1659
72085,6483
72087,4379
72089,3806
72091,8059
72093,1169
72095,2321
72097,17515
72099,6097
72101,4749
72103,4540
72105,5180
72107,3424
72109,3575
72111,3252
72113,29192
72115,4618
72117,3369
72119,9591
72121,4992
72123,5260
72125,7476
72127,73353
72129,6752
72131,8335
72133,3444
72135,9903
72137,14598
72139,12138
72141,5976
72143,6571
72145,10158
72147,1849
72149,3745
72151,6633
72153,7532